"","bias","mse"
"dml_ate",-11679.8920408163,147642520.422973
"ivforest_ate",-5707.03346938776,80599229.4448612
"tsls_ate",-15597.0844897959,287011213.957078
