"","bias","mse"
"dml_ate",-10739.4308814033,125788605.116512
"ivforest_ate",-5598.1025959686,69970780.5232607
"tsls_ate",-14504.359425017,251239904.872267
